valor (%),extracted_value,link,serpapi_link,termo,texto,período
100,100,https://trends.google.com/trends/explore?q=eficiencia&date=today+12-m&geo=BR,https://serpapi.com/search.json?data_type=RELATED_QUERIES&date=today+12-m&engine=google_trends&geo=BR&q=eficiencia&tz=180,Eficiência Energética,eficiencia,1 ano
100,100,https://trends.google.com/trends/explore?q=eficiencia+energ%C3%A9tica&date=today+12-m&geo=BR,https://serpapi.com/search.json?data_type=RELATED_QUERIES&date=today+12-m&engine=google_trends&geo=BR&q=eficiencia+energ%C3%A9tica&tz=180,Eficiência Energética,eficiencia energética,1 ano
72,72,https://trends.google.com/trends/explore?q=eficiencia+energetica&date=today+12-m&geo=BR,https://serpapi.com/search.json?data_type=RELATED_QUERIES&date=today+12-m&engine=google_trends&geo=BR&q=eficiencia+energetica&tz=180,Eficiência Energética,eficiencia energetica,1 ano
51,51,https://trends.google.com/trends/explore?q=programa+de+efici%C3%AAncia+energ%C3%A9tica&date=today+12-m&geo=BR,https://serpapi.com/search.json?data_type=RELATED_QUERIES&date=today+12-m&engine=google_trends&geo=BR&q=programa+de+efici%C3%AAncia+energ%C3%A9tica&tz=180,Eficiência Energética,programa de eficiência energética,1 ano
45,45,https://trends.google.com/trends/explore?q=conceito+de+efici%C3%AAncia+energ%C3%A9tica&date=today+12-m&geo=BR,https://serpapi.com/search.json?data_type=RELATED_QUERIES&date=today+12-m&engine=google_trends&geo=BR&q=conceito+de+efici%C3%AAncia+energ%C3%A9tica&tz=180,Eficiência Energética,conceito de eficiência energética,1 ano
40,40,https://trends.google.com/trends/explore?q=etiqueta+de+efici%C3%AAncia+energ%C3%A9tica&date=today+12-m&geo=BR,https://serpapi.com/search.json?data_type=RELATED_QUERIES&date=today+12-m&engine=google_trends&geo=BR&q=etiqueta+de+efici%C3%AAncia+energ%C3%A9tica&tz=180,Eficiência Energética,etiqueta de eficiência energética,1 ano
39,39,https://trends.google.com/trends/explore?q=procel&date=today+12-m&geo=BR,https://serpapi.com/search.json?data_type=RELATED_QUERIES&date=today+12-m&engine=google_trends&geo=BR&q=procel&tz=180,Eficiência Energética,procel,1 ano
38,38,https://trends.google.com/trends/explore?q=o+que+significa+efici%C3%AAncia+energ%C3%A9tica&date=today+12-m&geo=BR,https://serpapi.com/search.json?data_type=RELATED_QUERIES&date=today+12-m&engine=google_trends&geo=BR&q=o+que+significa+efici%C3%AAncia+energ%C3%A9tica&tz=180,Eficiência Energética,o que significa eficiência energética,1 ano
37,37,https://trends.google.com/trends/explore?q=selo+de+efici%C3%AAncia+energ%C3%A9tica&date=today+12-m&geo=BR,https://serpapi.com/search.json?data_type=RELATED_QUERIES&date=today+12-m&engine=google_trends&geo=BR&q=selo+de+efici%C3%AAncia+energ%C3%A9tica&tz=180,Eficiência Energética,selo de eficiência energética,1 ano
32,32,https://trends.google.com/trends/explore?q=matriz+energ%C3%A9tica&date=today+12-m&geo=BR,https://serpapi.com/search.json?data_type=RELATED_QUERIES&date=today+12-m&engine=google_trends&geo=BR&q=matriz+energ%C3%A9tica&tz=180,Eficiência Energética,matriz energética,1 ano
26,26,https://trends.google.com/trends/explore?q=efici%C3%AAncia+energ%C3%A9tica+na+ind%C3%BAstria&date=today+12-m&geo=BR,https://serpapi.com/search.json?data_type=RELATED_QUERIES&date=today+12-m&engine=google_trends&geo=BR&q=efici%C3%AAncia+energ%C3%A9tica+na+ind%C3%BAstria&tz=180,Eficiência Energética,eficiência energética na indústria,1 ano
25,25,https://trends.google.com/trends/explore?q=efici%C3%AAncia+energ%C3%A9tica+geladeira&date=today+12-m&geo=BR,https://serpapi.com/search.json?data_type=RELATED_QUERIES&date=today+12-m&engine=google_trends&geo=BR&q=efici%C3%AAncia+energ%C3%A9tica+geladeira&tz=180,Eficiência Energética,eficiência energética geladeira,1 ano
23,23,https://trends.google.com/trends/explore?q=selo+procel&date=today+12-m&geo=BR,https://serpapi.com/search.json?data_type=RELATED_QUERIES&date=today+12-m&engine=google_trends&geo=BR&q=selo+procel&tz=180,Eficiência Energética,selo procel,1 ano
22,22,https://trends.google.com/trends/explore?q=inmetro&date=today+12-m&geo=BR,https://serpapi.com/search.json?data_type=RELATED_QUERIES&date=today+12-m&engine=google_trends&geo=BR&q=inmetro&tz=180,Eficiência Energética,inmetro,1 ano
22,22,https://trends.google.com/trends/explore?q=gest%C3%A3o+de+energia+e+efici%C3%AAncia+energ%C3%A9tica&date=today+12-m&geo=BR,https://serpapi.com/search.json?data_type=RELATED_QUERIES&date=today+12-m&engine=google_trends&geo=BR&q=gest%C3%A3o+de+energia+e+efici%C3%AAncia+energ%C3%A9tica&tz=180,Eficiência Energética,gestão de energia e eficiência energética,1 ano
22,22,https://trends.google.com/trends/explore?q=energia+renov%C3%A1vel&date=today+12-m&geo=BR,https://serpapi.com/search.json?data_type=RELATED_QUERIES&date=today+12-m&engine=google_trends&geo=BR&q=energia+renov%C3%A1vel&tz=180,Eficiência Energética,energia renovável,1 ano
18,18,https://trends.google.com/trends/explore?q=o+que+%C3%A9+eficiencia+energetica&date=today+12-m&geo=BR,https://serpapi.com/search.json?data_type=RELATED_QUERIES&date=today+12-m&engine=google_trends&geo=BR&q=o+que+%C3%A9+eficiencia+energetica&tz=180,Eficiência Energética,o que é eficiencia energetica,1 ano
16,16,https://trends.google.com/trends/explore?q=o+que+%C3%A9+efici%C3%AAncia+energ%C3%A9tica+e+como+ela+pode+ajudar+a+mitigar+os+impactos+ambientais+da+tecnologia?&date=today+12-m&geo=BR,https://serpapi.com/search.json?data_type=RELATED_QUERIES&date=today+12-m&engine=google_trends&geo=BR&q=o+que+%C3%A9+efici%C3%AAncia+energ%C3%A9tica+e+como+ela+pode+ajudar+a+mitigar+os+impactos+ambientais+da+tecnologia%3F&tz=180,Eficiência Energética,o que é eficiência energética e como ela pode ajudar a mitigar os impactos ambientais da tecnologia?,1 ano
13,13,https://trends.google.com/trends/explore?q=qual+%C3%A9+um+problema+ambiental+significativo+gerado+pelo+descarte+inadequado+de+produtos+eletr%C3%B4nicos?&date=today+12-m&geo=BR,https://serpapi.com/search.json?data_type=RELATED_QUERIES&date=today+12-m&engine=google_trends&geo=BR&q=qual+%C3%A9+um+problema+ambiental+significativo+gerado+pelo+descarte+inadequado+de+produtos+eletr%C3%B4nicos%3F&tz=180,Eficiência Energética,qual é um problema ambiental significativo gerado pelo descarte inadequado de produtos eletrônicos?,1 ano
5,5,"https://trends.google.com/trends/explore?q=assim,+comparando+os+valores+dos+combust%C3%ADveis+acima+apresentados,+identifique+qual+combust%C3%ADvel+apresenta+maior+valor+de+energia+liberada.&date=today+12-m&geo=BR",https://serpapi.com/search.json?data_type=RELATED_QUERIES&date=today+12-m&engine=google_trends&geo=BR&q=assim%2C+comparando+os+valores+dos+combust%C3%ADveis+acima+apresentados%2C+identifique+qual+combust%C3%ADvel+apresenta+maior+valor+de+energia+liberada.&tz=180,Eficiência Energética,"assim, comparando os valores dos combustíveis acima apresentados, identifique qual combustível apresenta maior valor de energia liberada.",1 ano
4,4,https://trends.google.com/trends/explore?q=qual+%C3%A9+um+exemplo+de+como+a+tecnologia+pode+ajudar+na+escassez+de+%C3%A1gua?&date=today+12-m&geo=BR,https://serpapi.com/search.json?data_type=RELATED_QUERIES&date=today+12-m&engine=google_trends&geo=BR&q=qual+%C3%A9+um+exemplo+de+como+a+tecnologia+pode+ajudar+na+escassez+de+%C3%A1gua%3F&tz=180,Eficiência Energética,qual é um exemplo de como a tecnologia pode ajudar na escassez de água?,1 ano
100,100,https://trends.google.com/trends/explore?q=o+que+%C3%A9+energia&date=today+12-m&geo=BR,https://serpapi.com/search.json?data_type=RELATED_QUERIES&date=today+12-m&engine=google_trends&geo=BR&q=o+que+%C3%A9+energia&tz=180,Energia Elétrica,o que é energia,1 ano
98,98,https://trends.google.com/trends/explore?q=o+que+%C3%A9+energia+el%C3%A9trica&date=today+12-m&geo=BR,https://serpapi.com/search.json?data_type=RELATED_QUERIES&date=today+12-m&engine=google_trends&geo=BR&q=o+que+%C3%A9+energia+el%C3%A9trica&tz=180,Energia Elétrica,o que é energia elétrica,1 ano
53,53,https://trends.google.com/trends/explore?q=consumo+de+energia+el%C3%A9trica&date=today+12-m&geo=BR,https://serpapi.com/search.json?data_type=RELATED_QUERIES&date=today+12-m&engine=google_trends&geo=BR&q=consumo+de+energia+el%C3%A9trica&tz=180,Energia Elétrica,consumo de energia elétrica,1 ano
51,51,https://trends.google.com/trends/explore?q=consumo+de+energia&date=today+12-m&geo=BR,https://serpapi.com/search.json?data_type=RELATED_QUERIES&date=today+12-m&engine=google_trends&geo=BR&q=consumo+de+energia&tz=180,Energia Elétrica,consumo de energia,1 ano
33,33,https://trends.google.com/trends/explore?q=gera%C3%A7%C3%A3o+de+energia+el%C3%A9trica&date=today+12-m&geo=BR,https://serpapi.com/search.json?data_type=RELATED_QUERIES&date=today+12-m&engine=google_trends&geo=BR&q=gera%C3%A7%C3%A3o+de+energia+el%C3%A9trica&tz=180,Energia Elétrica,geração de energia elétrica,1 ano
31,31,https://trends.google.com/trends/explore?q=sem+energia+el%C3%A9trica&date=today+12-m&geo=BR,https://serpapi.com/search.json?data_type=RELATED_QUERIES&date=today+12-m&engine=google_trends&geo=BR&q=sem+energia+el%C3%A9trica&tz=180,Energia Elétrica,sem energia elétrica,1 ano
28,28,https://trends.google.com/trends/explore?q=corrente+el%C3%A9trica&date=today+12-m&geo=BR,https://serpapi.com/search.json?data_type=RELATED_QUERIES&date=today+12-m&engine=google_trends&geo=BR&q=corrente+el%C3%A9trica&tz=180,Energia Elétrica,corrente elétrica,1 ano
26,26,https://trends.google.com/trends/explore?q=energia+solar&date=today+12-m&geo=BR,https://serpapi.com/search.json?data_type=RELATED_QUERIES&date=today+12-m&engine=google_trends&geo=BR&q=energia+solar&tz=180,Energia Elétrica,energia solar,1 ano
23,23,https://trends.google.com/trends/explore?q=fontes+de+energia+el%C3%A9trica&date=today+12-m&geo=BR,https://serpapi.com/search.json?data_type=RELATED_QUERIES&date=today+12-m&engine=google_trends&geo=BR&q=fontes+de+energia+el%C3%A9trica&tz=180,Energia Elétrica,fontes de energia elétrica,1 ano
23,23,https://trends.google.com/trends/explore?q=fontes+de+energia&date=today+12-m&geo=BR,https://serpapi.com/search.json?data_type=RELATED_QUERIES&date=today+12-m&engine=google_trends&geo=BR&q=fontes+de+energia&tz=180,Energia Elétrica,fontes de energia,1 ano
23,23,https://trends.google.com/trends/explore?q=fonte+de+energia+el%C3%A9trica&date=today+12-m&geo=BR,https://serpapi.com/search.json?data_type=RELATED_QUERIES&date=today+12-m&engine=google_trends&geo=BR&q=fonte+de+energia+el%C3%A9trica&tz=180,Energia Elétrica,fonte de energia elétrica,1 ano
18,18,https://trends.google.com/trends/explore?q=tipos+de+energia&date=today+12-m&geo=BR,https://serpapi.com/search.json?data_type=RELATED_QUERIES&date=today+12-m&engine=google_trends&geo=BR&q=tipos+de+energia&tz=180,Energia Elétrica,tipos de energia,1 ano
18,18,https://trends.google.com/trends/explore?q=pot%C3%AAncia+el%C3%A9trica&date=today+12-m&geo=BR,https://serpapi.com/search.json?data_type=RELATED_QUERIES&date=today+12-m&engine=google_trends&geo=BR&q=pot%C3%AAncia+el%C3%A9trica&tz=180,Energia Elétrica,potência elétrica,1 ano
18,18,https://trends.google.com/trends/explore?q=tipos+de+energia+el%C3%A9trica&date=today+12-m&geo=BR,https://serpapi.com/search.json?data_type=RELATED_QUERIES&date=today+12-m&engine=google_trends&geo=BR&q=tipos+de+energia+el%C3%A9trica&tz=180,Energia Elétrica,tipos de energia elétrica,1 ano
17,17,https://trends.google.com/trends/explore?q=distribui%C3%A7%C3%A3o+de+energia+el%C3%A9trica&date=today+12-m&geo=BR,https://serpapi.com/search.json?data_type=RELATED_QUERIES&date=today+12-m&engine=google_trends&geo=BR&q=distribui%C3%A7%C3%A3o+de+energia+el%C3%A9trica&tz=180,Energia Elétrica,distribuição de energia elétrica,1 ano
17,17,https://trends.google.com/trends/explore?q=energia+potencial+el%C3%A9trica&date=today+12-m&geo=BR,https://serpapi.com/search.json?data_type=RELATED_QUERIES&date=today+12-m&engine=google_trends&geo=BR&q=energia+potencial+el%C3%A9trica&tz=180,Energia Elétrica,energia potencial elétrica,1 ano
17,17,https://trends.google.com/trends/explore?q=energia+potencial&date=today+12-m&geo=BR,https://serpapi.com/search.json?data_type=RELATED_QUERIES&date=today+12-m&engine=google_trends&geo=BR&q=energia+potencial&tz=180,Energia Elétrica,energia potencial,1 ano
17,17,https://trends.google.com/trends/explore?q=o+que+%C3%A9+corrente+el%C3%A9trica&date=today+12-m&geo=BR,https://serpapi.com/search.json?data_type=RELATED_QUERIES&date=today+12-m&engine=google_trends&geo=BR&q=o+que+%C3%A9+corrente+el%C3%A9trica&tz=180,Energia Elétrica,o que é corrente elétrica,1 ano
15,15,https://trends.google.com/trends/explore?q=tarifa+de+energia+el%C3%A9trica&date=today+12-m&geo=BR,https://serpapi.com/search.json?data_type=RELATED_QUERIES&date=today+12-m&engine=google_trends&geo=BR&q=tarifa+de+energia+el%C3%A9trica&tz=180,Energia Elétrica,tarifa de energia elétrica,1 ano
15,15,https://trends.google.com/trends/explore?q=falta+energia+el%C3%A9trica&date=today+12-m&geo=BR,https://serpapi.com/search.json?data_type=RELATED_QUERIES&date=today+12-m&engine=google_trends&geo=BR&q=falta+energia+el%C3%A9trica&tz=180,Energia Elétrica,falta energia elétrica,1 ano
15,15,https://trends.google.com/trends/explore?q=transmiss%C3%A3o+de+energia+el%C3%A9trica&date=today+12-m&geo=BR,https://serpapi.com/search.json?data_type=RELATED_QUERIES&date=today+12-m&engine=google_trends&geo=BR&q=transmiss%C3%A3o+de+energia+el%C3%A9trica&tz=180,Energia Elétrica,transmissão de energia elétrica,1 ano
14,14,https://trends.google.com/trends/explore?q=eletricidade&date=today+12-m&geo=BR,https://serpapi.com/search.json?data_type=RELATED_QUERIES&date=today+12-m&engine=google_trends&geo=BR&q=eletricidade&tz=180,Energia Elétrica,eletricidade,1 ano
13,13,https://trends.google.com/trends/explore?q=medidor+de+energia&date=today+12-m&geo=BR,https://serpapi.com/search.json?data_type=RELATED_QUERIES&date=today+12-m&engine=google_trends&geo=BR&q=medidor+de+energia&tz=180,Energia Elétrica,medidor de energia,1 ano
13,13,https://trends.google.com/trends/explore?q=medidor+de+energia+el%C3%A9trica&date=today+12-m&geo=BR,https://serpapi.com/search.json?data_type=RELATED_QUERIES&date=today+12-m&engine=google_trends&geo=BR&q=medidor+de+energia+el%C3%A9trica&tz=180,Energia Elétrica,medidor de energia elétrica,1 ano
13,13,https://trends.google.com/trends/explore?q=falta+de+energia+el%C3%A9trica&date=today+12-m&geo=BR,https://serpapi.com/search.json?data_type=RELATED_QUERIES&date=today+12-m&engine=google_trends&geo=BR&q=falta+de+energia+el%C3%A9trica&tz=180,Energia Elétrica,falta de energia elétrica,1 ano
100,100,https://trends.google.com/trends/explore?q=solar&date=today+12-m&geo=BR,https://serpapi.com/search.json?data_type=RELATED_QUERIES&date=today+12-m&engine=google_trends&geo=BR&q=solar&tz=180,Energia Eólica,solar,1 ano
95,95,https://trends.google.com/trends/explore?q=energia+solar&date=today+12-m&geo=BR,https://serpapi.com/search.json?data_type=RELATED_QUERIES&date=today+12-m&engine=google_trends&geo=BR&q=energia+solar&tz=180,Energia Eólica,energia solar,1 ano
67,67,https://trends.google.com/trends/explore?q=o+que+%C3%A9+e%C3%B3lica&date=today+12-m&geo=BR,https://serpapi.com/search.json?data_type=RELATED_QUERIES&date=today+12-m&engine=google_trends&geo=BR&q=o+que+%C3%A9+e%C3%B3lica&tz=180,Energia Eólica,o que é eólica,1 ano
67,67,https://trends.google.com/trends/explore?q=o+que+%C3%A9+energia+e%C3%B3lica&date=today+12-m&geo=BR,https://serpapi.com/search.json?data_type=RELATED_QUERIES&date=today+12-m&engine=google_trends&geo=BR&q=o+que+%C3%A9+energia+e%C3%B3lica&tz=180,Energia Eólica,o que é energia eólica,1 ano
66,66,https://trends.google.com/trends/explore?q=o+que+%C3%A9+energia&date=today+12-m&geo=BR,https://serpapi.com/search.json?data_type=RELATED_QUERIES&date=today+12-m&engine=google_trends&geo=BR&q=o+que+%C3%A9+energia&tz=180,Energia Eólica,o que é energia,1 ano
56,56,https://trends.google.com/trends/explore?q=energia+e%C3%B3lica+vantagens&date=today+12-m&geo=BR,https://serpapi.com/search.json?data_type=RELATED_QUERIES&date=today+12-m&engine=google_trends&geo=BR&q=energia+e%C3%B3lica+vantagens&tz=180,Energia Eólica,energia eólica vantagens,1 ano
54,54,https://trends.google.com/trends/explore?q=energia+e%C3%B3lica+brasil&date=today+12-m&geo=BR,https://serpapi.com/search.json?data_type=RELATED_QUERIES&date=today+12-m&engine=google_trends&geo=BR&q=energia+e%C3%B3lica+brasil&tz=180,Energia Eólica,energia eólica brasil,1 ano
53,53,https://trends.google.com/trends/explore?q=energia+e%C3%B3lica+desvantagens&date=today+12-m&geo=BR,https://serpapi.com/search.json?data_type=RELATED_QUERIES&date=today+12-m&engine=google_trends&geo=BR&q=energia+e%C3%B3lica+desvantagens&tz=180,Energia Eólica,energia eólica desvantagens,1 ano
53,53,https://trends.google.com/trends/explore?q=desvantagens&date=today+12-m&geo=BR,https://serpapi.com/search.json?data_type=RELATED_QUERIES&date=today+12-m&engine=google_trends&geo=BR&q=desvantagens&tz=180,Energia Eólica,desvantagens,1 ano
52,52,https://trends.google.com/trends/explore?q=eolica&date=today+12-m&geo=BR,https://serpapi.com/search.json?data_type=RELATED_QUERIES&date=today+12-m&engine=google_trends&geo=BR&q=eolica&tz=180,Energia Eólica,eolica,1 ano
52,52,https://trends.google.com/trends/explore?q=energia+eolica&date=today+12-m&geo=BR,https://serpapi.com/search.json?data_type=RELATED_QUERIES&date=today+12-m&engine=google_trends&geo=BR&q=energia+eolica&tz=180,Energia Eólica,energia eolica,1 ano
49,49,https://trends.google.com/trends/explore?q=o+que+%C3%A9+a+energia+e%C3%B3lica&date=today+12-m&geo=BR,https://serpapi.com/search.json?data_type=RELATED_QUERIES&date=today+12-m&engine=google_trends&geo=BR&q=o+que+%C3%A9+a+energia+e%C3%B3lica&tz=180,Energia Eólica,o que é a energia eólica,1 ano
44,44,https://trends.google.com/trends/explore?q=vantagens+da+energia+e%C3%B3lica&date=today+12-m&geo=BR,https://serpapi.com/search.json?data_type=RELATED_QUERIES&date=today+12-m&engine=google_trends&geo=BR&q=vantagens+da+energia+e%C3%B3lica&tz=180,Energia Eólica,vantagens da energia eólica,1 ano
42,42,https://trends.google.com/trends/explore?q=energia+e%C3%B3lica+no+brasil&date=today+12-m&geo=BR,https://serpapi.com/search.json?data_type=RELATED_QUERIES&date=today+12-m&engine=google_trends&geo=BR&q=energia+e%C3%B3lica+no+brasil&tz=180,Energia Eólica,energia eólica no brasil,1 ano
41,41,https://trends.google.com/trends/explore?q=fontes+de+energia&date=today+12-m&geo=BR,https://serpapi.com/search.json?data_type=RELATED_QUERIES&date=today+12-m&engine=google_trends&geo=BR&q=fontes+de+energia&tz=180,Energia Eólica,fontes de energia,1 ano
41,41,https://trends.google.com/trends/explore?q=fontes+de+energia+e%C3%B3lica&date=today+12-m&geo=BR,https://serpapi.com/search.json?data_type=RELATED_QUERIES&date=today+12-m&engine=google_trends&geo=BR&q=fontes+de+energia+e%C3%B3lica&tz=180,Energia Eólica,fontes de energia eólica,1 ano
40,40,https://trends.google.com/trends/explore?q=desvantagens+da+energia+e%C3%B3lica&date=today+12-m&geo=BR,https://serpapi.com/search.json?data_type=RELATED_QUERIES&date=today+12-m&engine=google_trends&geo=BR&q=desvantagens+da+energia+e%C3%B3lica&tz=180,Energia Eólica,desvantagens da energia eólica,1 ano
39,39,https://trends.google.com/trends/explore?q=energia+hidrel%C3%A9trica&date=today+12-m&geo=BR,https://serpapi.com/search.json?data_type=RELATED_QUERIES&date=today+12-m&engine=google_trends&geo=BR&q=energia+hidrel%C3%A9trica&tz=180,Energia Eólica,energia hidrelétrica,1 ano
39,39,https://trends.google.com/trends/explore?q=hidrel%C3%A9trica&date=today+12-m&geo=BR,https://serpapi.com/search.json?data_type=RELATED_QUERIES&date=today+12-m&engine=google_trends&geo=BR&q=hidrel%C3%A9trica&tz=180,Energia Eólica,hidrelétrica,1 ano
39,39,https://trends.google.com/trends/explore?q=energia+e%C3%B3lica+vantagens+e+desvantagens&date=today+12-m&geo=BR,https://serpapi.com/search.json?data_type=RELATED_QUERIES&date=today+12-m&engine=google_trends&geo=BR&q=energia+e%C3%B3lica+vantagens+e+desvantagens&tz=180,Energia Eólica,energia eólica vantagens e desvantagens,1 ano
39,39,https://trends.google.com/trends/explore?q=vantagens+e+desvantagens&date=today+12-m&geo=BR,https://serpapi.com/search.json?data_type=RELATED_QUERIES&date=today+12-m&engine=google_trends&geo=BR&q=vantagens+e+desvantagens&tz=180,Energia Eólica,vantagens e desvantagens,1 ano
37,37,https://trends.google.com/trends/explore?q=sobre+energia+e%C3%B3lica&date=today+12-m&geo=BR,https://serpapi.com/search.json?data_type=RELATED_QUERIES&date=today+12-m&engine=google_trends&geo=BR&q=sobre+energia+e%C3%B3lica&tz=180,Energia Eólica,sobre energia eólica,1 ano
36,36,https://trends.google.com/trends/explore?q=fonte+de+energia&date=today+12-m&geo=BR,https://serpapi.com/search.json?data_type=RELATED_QUERIES&date=today+12-m&engine=google_trends&geo=BR&q=fonte+de+energia&tz=180,Energia Eólica,fonte de energia,1 ano
36,36,https://trends.google.com/trends/explore?q=fonte+de+energia+e%C3%B3lica&date=today+12-m&geo=BR,https://serpapi.com/search.json?data_type=RELATED_QUERIES&date=today+12-m&engine=google_trends&geo=BR&q=fonte+de+energia+e%C3%B3lica&tz=180,Energia Eólica,fonte de energia eólica,1 ano
35,35,https://trends.google.com/trends/explore?q=energia+nuclear&date=today+12-m&geo=BR,https://serpapi.com/search.json?data_type=RELATED_QUERIES&date=today+12-m&engine=google_trends&geo=BR&q=energia+nuclear&tz=180,Energia Eólica,energia nuclear,1 ano
100,100,https://trends.google.com/trends/explore?q=placa+energia+solar&date=today+12-m&geo=BR,https://serpapi.com/search.json?data_type=RELATED_QUERIES&date=today+12-m&engine=google_trends&geo=BR&q=placa+energia+solar&tz=180,Energia Solar,placa energia solar,1 ano
100,100,https://trends.google.com/trends/explore?q=placa+solar&date=today+12-m&geo=BR,https://serpapi.com/search.json?data_type=RELATED_QUERIES&date=today+12-m&engine=google_trends&geo=BR&q=placa+solar&tz=180,Energia Solar,placa solar,1 ano
74,74,https://trends.google.com/trends/explore?q=o+que+%C3%A9+energia&date=today+12-m&geo=BR,https://serpapi.com/search.json?data_type=RELATED_QUERIES&date=today+12-m&engine=google_trends&geo=BR&q=o+que+%C3%A9+energia&tz=180,Energia Solar,o que é energia,1 ano
74,74,https://trends.google.com/trends/explore?q=o+que+%C3%A9+energia+solar&date=today+12-m&geo=BR,https://serpapi.com/search.json?data_type=RELATED_QUERIES&date=today+12-m&engine=google_trends&geo=BR&q=o+que+%C3%A9+energia+solar&tz=180,Energia Solar,o que é energia solar,1 ano
70,70,https://trends.google.com/trends/explore?q=placa+de+energia+solar&date=today+12-m&geo=BR,https://serpapi.com/search.json?data_type=RELATED_QUERIES&date=today+12-m&engine=google_trends&geo=BR&q=placa+de+energia+solar&tz=180,Energia Solar,placa de energia solar,1 ano
61,61,https://trends.google.com/trends/explore?q=o+que+e+energia+solar&date=today+12-m&geo=BR,https://serpapi.com/search.json?data_type=RELATED_QUERIES&date=today+12-m&engine=google_trends&geo=BR&q=o+que+e+energia+solar&tz=180,Energia Solar,o que e energia solar,1 ano
56,56,https://trends.google.com/trends/explore?q=kit+energia+solar&date=today+12-m&geo=BR,https://serpapi.com/search.json?data_type=RELATED_QUERIES&date=today+12-m&engine=google_trends&geo=BR&q=kit+energia+solar&tz=180,Energia Solar,kit energia solar,1 ano
53,53,https://trends.google.com/trends/explore?q=sistema+solar&date=today+12-m&geo=BR,https://serpapi.com/search.json?data_type=RELATED_QUERIES&date=today+12-m&engine=google_trends&geo=BR&q=sistema+solar&tz=180,Energia Solar,sistema solar,1 ano
52,52,https://trends.google.com/trends/explore?q=empresa+energia+solar&date=today+12-m&geo=BR,https://serpapi.com/search.json?data_type=RELATED_QUERIES&date=today+12-m&engine=google_trends&geo=BR&q=empresa+energia+solar&tz=180,Energia Solar,empresa energia solar,1 ano
51,51,https://trends.google.com/trends/explore?q=sistema+energia+solar&date=today+12-m&geo=BR,https://serpapi.com/search.json?data_type=RELATED_QUERIES&date=today+12-m&engine=google_trends&geo=BR&q=sistema+energia+solar&tz=180,Energia Solar,sistema energia solar,1 ano
49,49,https://trends.google.com/trends/explore?q=o+que+%C3%A9+a+energia+solar&date=today+12-m&geo=BR,https://serpapi.com/search.json?data_type=RELATED_QUERIES&date=today+12-m&engine=google_trends&geo=BR&q=o+que+%C3%A9+a+energia+solar&tz=180,Energia Solar,o que é a energia solar,1 ano
44,44,https://trends.google.com/trends/explore?q=energia+solar+como+funciona&date=today+12-m&geo=BR,https://serpapi.com/search.json?data_type=RELATED_QUERIES&date=today+12-m&engine=google_trends&geo=BR&q=energia+solar+como+funciona&tz=180,Energia Solar,energia solar como funciona,1 ano
43,43,https://trends.google.com/trends/explore?q=valor+energia+solar&date=today+12-m&geo=BR,https://serpapi.com/search.json?data_type=RELATED_QUERIES&date=today+12-m&engine=google_trends&geo=BR&q=valor+energia+solar&tz=180,Energia Solar,valor energia solar,1 ano
43,43,https://trends.google.com/trends/explore?q=fotovoltaica&date=today+12-m&geo=BR,https://serpapi.com/search.json?data_type=RELATED_QUERIES&date=today+12-m&engine=google_trends&geo=BR&q=fotovoltaica&tz=180,Energia Solar,fotovoltaica,1 ano
42,42,https://trends.google.com/trends/explore?q=energia+solar+fotovoltaica&date=today+12-m&geo=BR,https://serpapi.com/search.json?data_type=RELATED_QUERIES&date=today+12-m&engine=google_trends&geo=BR&q=energia+solar+fotovoltaica&tz=180,Energia Solar,energia solar fotovoltaica,1 ano
41,41,https://trends.google.com/trends/explore?q=sistema+de+energia+solar&date=today+12-m&geo=BR,https://serpapi.com/search.json?data_type=RELATED_QUERIES&date=today+12-m&engine=google_trends&geo=BR&q=sistema+de+energia+solar&tz=180,Energia Solar,sistema de energia solar,1 ano
40,40,https://trends.google.com/trends/explore?q=energia+fotovoltaica&date=today+12-m&geo=BR,https://serpapi.com/search.json?data_type=RELATED_QUERIES&date=today+12-m&engine=google_trends&geo=BR&q=energia+fotovoltaica&tz=180,Energia Solar,energia fotovoltaica,1 ano
40,40,https://trends.google.com/trends/explore?q=empresa+de+energia+solar&date=today+12-m&geo=BR,https://serpapi.com/search.json?data_type=RELATED_QUERIES&date=today+12-m&engine=google_trends&geo=BR&q=empresa+de+energia+solar&tz=180,Energia Solar,empresa de energia solar,1 ano
38,38,https://trends.google.com/trends/explore?q=luz+energia+solar&date=today+12-m&geo=BR,https://serpapi.com/search.json?data_type=RELATED_QUERIES&date=today+12-m&engine=google_trends&geo=BR&q=luz+energia+solar&tz=180,Energia Solar,luz energia solar,1 ano
38,38,https://trends.google.com/trends/explore?q=energia+solar+no+brasil&date=today+12-m&geo=BR,https://serpapi.com/search.json?data_type=RELATED_QUERIES&date=today+12-m&engine=google_trends&geo=BR&q=energia+solar+no+brasil&tz=180,Energia Solar,energia solar no brasil,1 ano
37,37,https://trends.google.com/trends/explore?q=usina+solar&date=today+12-m&geo=BR,https://serpapi.com/search.json?data_type=RELATED_QUERIES&date=today+12-m&engine=google_trends&geo=BR&q=usina+solar&tz=180,Energia Solar,usina solar,1 ano
37,37,https://trends.google.com/trends/explore?q=energia+solar+vantagens&date=today+12-m&geo=BR,https://serpapi.com/search.json?data_type=RELATED_QUERIES&date=today+12-m&engine=google_trends&geo=BR&q=energia+solar+vantagens&tz=180,Energia Solar,energia solar vantagens,1 ano
37,37,https://trends.google.com/trends/explore?q=usina+energia+solar&date=today+12-m&geo=BR,https://serpapi.com/search.json?data_type=RELATED_QUERIES&date=today+12-m&engine=google_trends&geo=BR&q=usina+energia+solar&tz=180,Energia Solar,usina energia solar,1 ano
36,36,https://trends.google.com/trends/explore?q=energia+solar+pre%C3%A7o&date=today+12-m&geo=BR,https://serpapi.com/search.json?data_type=RELATED_QUERIES&date=today+12-m&engine=google_trends&geo=BR&q=energia+solar+pre%C3%A7o&tz=180,Energia Solar,energia solar preço,1 ano
36,36,https://trends.google.com/trends/explore?q=energia+e%C3%B3lica&date=today+12-m&geo=BR,https://serpapi.com/search.json?data_type=RELATED_QUERIES&date=today+12-m&engine=google_trends&geo=BR&q=energia+e%C3%B3lica&tz=180,Energia Solar,energia eólica,1 ano
